INSERT INTO USER_ACCOUNTS (USERNAME,     DOB,     BIOSEX,       Daily_Goal,      Weight_KG,      Height_CM)
	VALUES
		('BRUENOR',     '1974-01-15',     'M',       2033,      140.6,      137.16),
		('CATTIE',     '1982-03-23',     'F',       1824,      83.9,      188),
		('DRIZZT',     '1928-12-25',     'M',       1283,      65.77,      172.8),
		('SELUNE',     '1997-07-08',     'F',       1848,      101,      152.4),
		('AKADI',     '1968-05-08',     'M',       1654,      82,      175),
		('ASMODEUS',     '1985-06-14',     'F',       1954,      121,      147),
		('BANE',     '1982-01-26',     'M',       1854,      105,      159),
		('CHAUNTEA',     '1984-11-12',     'F',       2048,      134,      142),
		('CYRIC',     '1992-02-29',     'M',       1974,      117,      151),
		('GRUMBAR',     '1956-09-04',     'F',       1130,      60,      136),
		('KELEMVOR',     '1984-08-24',     'M',       2243,      141,      162),
		('LATHANDER',     '1963-10-04',     'F',       2203,      135,      182),
		('LOLTH',     '1953-09-02',     'M',       1379,      87,      135),
		('MYSTRA',     '1935-04-10',     'F',       1326,      62,      181),
		('OGHMA',     '1957-03-15',     'M',       2045,      121,      184),
		('SHAR',     '1974-12-15',     'F',       1979,      121,      159),
		('SILVANUS',     '1928-04-08',     'M',       1684,      115,      159),
		('SUNE',     '1948-12-22',     'F',       1683,      115,      142),
		('TALOS',     '1936-08-18',     'M',       1471,      86,      165),
		('TORM',     '1929-08-05',     'F',       1964,      130,      179);

INSERT INTO RDV (RDV_Description, Calcium, Cholesterol, Dietary_Fiber, Iron, Potassium, Sodium, Vit_A,Vit_C, Sugars)
	VALUES
		('RDV_Minimum', 800, 0, 38,6, 0, 0, 625,75, 0),
		('RDV_Maximum', 900, 300, 50,10, 4700, 2300, 700,100, 50);


INSERT INTO EXERCISE_BANK (Exercise_Name,Calories_57,Calories_70,Calories_84)
	VALUES
		('Aerobics, Step: high impact',     136, 169, 201),
		('Aerobics, Step: low impact',     95, 118, 141),
		('Basketball: playing a game',     109, 135, 161),
		('Bicycling-Stationary: moderate',     95, 118, 141),
		('Bicycling-Stationary: vigorous',     143, 177, 211),
		('Elliptical Trainer',     122, 152, 181),
		('Martial Arts',     136, 169, 201),
		('Rock Climbing',     150, 186, 221),
		('Rope Jumping',     136, 169, 201),
		('Soccer',     95, 118, 141),
		('Stair Step Machine',     82, 101, 121),
		('Swimming',     82, 101, 121),
		('Tennis',     95, 118, 141),
		('Walking: 4.5 mph',     68, 84, 101),
		('Weight Lifting',     41, 51, 60),
        ('Snow Shoeing',     240, 298, 355),
		('Swimming: backstroke',     240, 298, 355),
		('Volleyball: beach',     240, 298, 355),
		('Bicycling: BMX or mountain',     255, 316, 377),
		('Boxing: sparring',     270, 335, 400);


INSERT INTO FOOD_BANK (Food_Name, Calories, Total_Fat, Sat_Fat, Cholesterol, 
Total_Carb, Dietary_Fiber, Sugars, Protein, Vit_A, Vit_C, Calcium, Iron, Potassium, Sodium)
	VALUES
		('Asparagus', 20, 0, 0,0, 4, 2, 2,2, 62.5, 11.25, 16,0.12, 230, 0),
		('Bell Pepper', 25, 0, 0,0, 6, 2, 4,1, 25, 142.5, 16,0.24, 220, 40),
		('Broccoli', 45, 0.5, 0,0, 8, 3, 2,4, 37.5, 165, 48,0.36, 460, 80),
		('Carrot', 30, 0, 0,0, 7, 2, 5,1, 687.5, 7.5, 16,0.12, 250, 60),
		('Cauliflower', 25, 0, 0,0, 5, 2, 2,2, 0, 75, 16,0.12, 270, 30),
		('Celery', 15, 0, 0,0, 4, 2, 2,0, 62.5, 11.25, 32,0.12, 260, 115),
		('Cucumber', 10, 0, 0,0, 2, 1, 1,1, 25, 7.5, 16,0.12, 140, 0),
		('Green Beans', 20, 0, 0,0, 5, 3, 2,1, 25, 7.5, 32,0.12, 200, 0),
		('Green Cabbage', 25, 0, 0,0, 5, 2, 3,1, 0, 52.5, 32,0.12, 190, 20),
		('Green Onion', 10, 0, 0,0, 2, 1, 1,0, 12.5, 6, 16,0.12, 70, 10),
		('Iceberg Lettuce', 10, 0, 0,0, 2, 1, 2,1, 37.5, 4.5, 16,0.12, 125, 10),
		('Leaf Lettuce', 15, 0, 0,0, 2, 1, 1,1, 812.5, 4.5, 16,0.24, 170, 35),
		('Mushrooms', 20, 0, 0,0, 3, 1, 0,3, 0, 1.5, 0,0.12, 300, 15),
		('Onion', 45, 0, 0,0, 11, 3, 9,1, 0, 15, 32,0.24, 190, 5),
		('Potato', 110, 0, 0,0, 26, 2, 1,3, 0, 33.75, 16,0.36, 620, 0),
		('Radishes', 10, 0, 0,0, 3, 1, 2,0, 0, 22.5, 16,0.12, 190, 55),
		('Summer Squash', 20, 0, 0,0, 4, 2, 2,1, 37.5, 22.5, 16,0.12, 260, 0),
		('Sweet Corn', 90, 2.5, 0,0, 18, 2, 5,4, 12.5, 7.5, 0,0.12, 250, 0),
		('Sweet Potato', 100, 0, 0,0, 23, 4, 7,2, 750, 22.5, 32,0.24, 440, 70),
		('Tomato', 25, 0, 0,0, 5, 1, 3,1, 125, 30, 16,0.24, 340, 20),
		('Apple', 130, 0, 0,0, 34, 5, 25,1, 12.5, 6, 16,0.12, 260, 0),
		('Avocado', 50, 4.5, 0,0, 3, 1, 0,1, 0, 3, 0,0.12, 140, 0),
		('Banana', 110, 0, 0,0, 30, 3, 19,1, 12.5, 11.25, 0,0.12, 450, 0),
		('Cantaloupe', 50, 0, 0,0, 12, 1, 11,1, 750, 60, 16,0.12, 240, 20),
		('Grapefruit', 60, 0, 0,0, 15, 2, 11,1, 218.75, 75, 32,0, 160, 0),
		('Grapes', 90, 0, 0,0, 23, 1, 20,0, 0, 1.5, 16,0, 240, 15),
		('Honeydew Melon', 50, 0, 0,0, 12, 1, 11,1, 12.5, 33.75, 16,0.12, 210, 30),
		('Kiwifruit', 90, 1, 0,0, 20, 4, 13,1, 12.5, 180, 32,0.12, 450, 0),
		('Lemon', 15, 0, 0,0, 5, 2, 2,0, 0, 30, 16,0, 75, 0),
		('Lime', 20, 0, 0,0, 7, 2, 0,0, 0, 26.25, 0,0, 75, 0),
		('Nectarine', 60, 0.5, 0,0, 15, 2, 11,1, 50, 11.25, 0,0.12, 250, 0),
		('Orange', 80, 0, 0,0, 19, 3, 14,1, 12.5, 97.5, 48,0, 250, 0),
		('Peach', 60, 0.5, 0,0, 15, 2, 13,1, 37.5, 11.25, 0,0.12, 230, 0),
		('Pear', 100, 0, 0,0, 26, 6, 16,1, 0, 7.5, 16,0, 190, 0),
		('Pineapple', 50, 0, 0,0, 13, 1, 10,1, 12.5, 37.5, 16,0.12, 120, 10),
		('Plums', 70, 0, 0,0, 19, 2, 16,1, 50, 7.5, 0,0.12, 230, 0),
		('Strawberries', 50, 0, 0,0, 11, 2, 8,1, 0, 120, 16,0.12, 170, 0),
		('Sweet Cherries', 100, 0, 0,0, 26, 1, 16,1, 12.5, 11.25, 16,0.12, 350, 0),
		('Tangerine', 50, 0, 0,0, 13, 2, 9,1, 37.5, 33.75, 32,0, 160, 0),
		('Watermelon', 80, 0, 0,0, 21, 1, 20,1, 187.5, 18.75, 16,0.24, 270, 0),
		('Blue Crab', 100, 1, 0,32, 0, 0, 0,20, 0, 3, 80,0.24, 300, 330),
		('Catfish', 130, 6, 10,17, 0, 0, 0,17, 0, 0, 0,0, 230, 40),
		('Clams', 110, 1.5, 0,27, 6, 0, 0,17, 62.5, 0, 64,1.8, 470, 95),
		('Cod', 90, 1, 0,17, 0, 0, 0,20, 0, 1.5, 16,0.12, 460, 65),
		('Flounder', 100, 1.5, 0,18, 0, 0, 0,19, 0, 0, 16,0, 390, 100),
		('Haddock', 100, 1, 0,23, 0, 0, 0,21, 12.5, 0, 16,0.36, 340, 85),
		('Halibut', 120, 2, 0,13, 0, 0, 0,23, 25, 0, 16,0.36, 500, 60),
		('Lobster', 80, 0.5, 0,20, 1, 0, 0,17, 12.5, 0, 48,0.12, 300, 320),
		('Ocean Perch', 110, 2, 3,15, 0, 0, 0,21, 0, 1.5, 80,0.24, 290, 95),
		('Orange Roughy', 80, 1, 0,7, 0, 0, 0,16, 12.5, 0, 32,0.12, 340, 70),
		('Oysters', 100, 4, 5,27, 6, 0, 0,10, 0, 4.5, 48,2.7, 220, 300),
		('Pollock', 90, 1, 0,27, 0, 0, 0,20, 12.5, 0, 0,0.12, 370, 110),
		('Rainbow Trout', 140, 6, 10,18, 0, 0, 0,20, 25, 3, 64,0.12, 370, 35),
		('Rockfish', 110, 2, 0,13, 0, 0, 0,21, 25, 0, 16,0.12, 440, 70),
		('Salmon', 130, 4, 5,23, 0, 0, 0,22, 12.5, 0, 16,0.24, 420, 65),
		('Scallops', 140, 1, 0,22, 5, 0, 0,27, 12.5, 0, 32,0.84, 430, 310),
		('Shrimp', 100, 1.5, 0,57, 0, 0, 0,21, 25, 3, 48,0.6, 220, 240),
		('Swordfish', 120, 6, 8,13, 0, 0, 0,16, 12.5, 1.5, 0,0.36, 310, 100),
		('Tilapia', 110, 2.5, 5,25, 0, 0, 0,22, 0, 1.5, 0,0.12, 360, 30),
		('Tuna', 130, 1.5, 0,17, 0, 0, 0,26, 12.5, 1.5, 16,0.24, 480, 40);
	
INSERT INTO MEALS (UserName, Date_Logged, Meal_Group, Food_Name)
	VALUES
		('BRUENOR', '2019-11-10', 'Breakfast', 'Avocado'),
		('CATTIE', '2019-11-10', 'Breakfast', 'Banana'),
		('DRIZZT', '2019-11-10', 'Breakfast', 'Cantaloupe'),
		('SELUNE', '2019-11-10', 'Breakfast', 'Grapefruit'),
		('AKADI', '2019-11-10', 'Breakfast', 'Grapes'),
		('ASMODEUS', '2019-11-10', 'Breakfast', 'Honeydew Melon'),
		('BANE', '2019-11-10', 'Breakfast', 'Kiwifruit'),
		('CHAUNTEA', '2019-11-10', 'Breakfast', 'Orange'),
		('CYRIC', '2019-11-10', 'Breakfast', 'Avocado'),
		('GRUMBAR', '2019-11-10', 'Breakfast', 'Banana'),
		('KELEMVOR', '2019-11-10', 'Breakfast', 'Cantaloupe'),
		('LATHANDER', '2019-11-10', 'Breakfast', 'Grapefruit'),
		('LOLTH', '2019-11-10', 'Breakfast', 'Grapes'),
		('MYSTRA', '2019-11-10', 'Breakfast', 'Honeydew Melon'),
		('OGHMA', '2019-11-10', 'Breakfast', 'Kiwifruit'),
		('SHAR', '2019-11-10', 'Breakfast', 'Orange'),
		('SILVANUS', '2019-11-10', 'Breakfast', 'Avocado'),
		('SUNE', '2019-11-10', 'Breakfast', 'Banana'),
		('TALOS', '2019-11-10', 'Breakfast', 'Cantaloupe'),
		('TORM', '2019-11-10', 'Breakfast', 'Grapefruit'),
		('BRUENOR', '2019-11-11', 'Breakfast', 'Grapes'),
		('CATTIE', '2019-11-11', 'Breakfast', 'Honeydew Melon'),
		('DRIZZT', '2019-11-11', 'Breakfast', 'Kiwifruit'),
		('SELUNE', '2019-11-11', 'Breakfast', 'Orange'),
		('AKADI', '2019-11-11', 'Breakfast', 'Avocado'),
		('ASMODEUS', '2019-11-11', 'Breakfast', 'Banana'),
		('BANE', '2019-11-11', 'Breakfast', 'Cantaloupe'),
		('CHAUNTEA', '2019-11-11', 'Breakfast', 'Grapefruit'),
		('CYRIC', '2019-11-11', 'Breakfast', 'Grapes'),
		('GRUMBAR', '2019-11-11', 'Breakfast', 'Honeydew Melon'),
		('KELEMVOR', '2019-11-11', 'Breakfast', 'Kiwifruit'),
		('LATHANDER', '2019-11-11', 'Breakfast', 'Orange'),
		('LOLTH', '2019-11-11', 'Breakfast', 'Avocado'),
		('MYSTRA', '2019-11-11', 'Breakfast', 'Banana'),
		('OGHMA', '2019-11-11', 'Breakfast', 'Cantaloupe'),
		('SHAR', '2019-11-11', 'Breakfast', 'Grapefruit'),
		('SILVANUS', '2019-11-11', 'Breakfast', 'Grapes'),
		('SUNE', '2019-11-11', 'Breakfast', 'Honeydew Melon'),
		('TALOS', '2019-11-11', 'Breakfast', 'Kiwifruit'),
		('TORM', '2019-11-11', 'Breakfast', 'Orange'),
		('BRUENOR', '2019-11-10', 'Dinner', 'Rockfish'),
		('CATTIE', '2019-11-10', 'Dinner', 'Salmon'),
		('DRIZZT', '2019-11-10', 'Dinner', 'Scallops'),
		('SELUNE', '2019-11-10', 'Dinner', 'Shrimp'),
		('AKADI', '2019-11-10', 'Dinner', 'Swordfish'),
		('ASMODEUS', '2019-11-10', 'Dinner', 'Tilapia'),
		('BANE', '2019-11-10', 'Dinner', 'Tuna'),
		('CHAUNTEA', '2019-11-10', 'Dinner', 'Salmon'),
		('CYRIC', '2019-11-10', 'Dinner', 'Rockfish'),
		('GRUMBAR', '2019-11-10', 'Dinner', 'Salmon'),
		('KELEMVOR', '2019-11-10', 'Dinner', 'Scallops'),
		('LATHANDER', '2019-11-10', 'Dinner', 'Shrimp'),
		('LOLTH', '2019-11-10', 'Dinner', 'Swordfish'),
		('MYSTRA', '2019-11-10', 'Dinner', 'Tilapia'),
		('OGHMA', '2019-11-10', 'Dinner', 'Tuna'),
		('SHAR', '2019-11-10', 'Dinner', 'Salmon'),
		('SILVANUS', '2019-11-10', 'Dinner', 'Rockfish'),
		('SUNE', '2019-11-10', 'Dinner', 'Salmon'),
		('TALOS', '2019-11-10', 'Dinner', 'Scallops'),
		('TORM', '2019-11-10', 'Dinner', 'Shrimp'),
		('BRUENOR', '2019-11-11', 'Dinner', 'Swordfish'),
		('CATTIE', '2019-11-11', 'Dinner', 'Tilapia'),
		('DRIZZT', '2019-11-11', 'Dinner', 'Tuna'),
		('SELUNE', '2019-11-11', 'Dinner', 'Salmon'),
		('AKADI', '2019-11-11', 'Dinner', 'Rockfish'),
		('ASMODEUS', '2019-11-11', 'Dinner', 'Salmon'),
		('BANE', '2019-11-11', 'Dinner', 'Scallops'),
		('CHAUNTEA', '2019-11-11', 'Dinner', 'Shrimp'),
		('CYRIC', '2019-11-11', 'Dinner', 'Swordfish'),
		('GRUMBAR', '2019-11-11', 'Dinner', 'Tilapia'),
		('KELEMVOR', '2019-11-11', 'Dinner', 'Tuna'),
		('LATHANDER', '2019-11-11', 'Dinner', 'Salmon'),
		('LOLTH', '2019-11-11', 'Dinner', 'Rockfish'),
		('MYSTRA', '2019-11-11', 'Dinner', 'Salmon'),
		('OGHMA', '2019-11-11', 'Dinner', 'Scallops'),
		('SHAR', '2019-11-11', 'Dinner', 'Shrimp'),
		('SILVANUS', '2019-11-11', 'Dinner', 'Swordfish'),
		('SUNE', '2019-11-11', 'Dinner', 'Tilapia'),
		('TALOS', '2019-11-11', 'Dinner', 'Tuna'),
		('TORM', '2019-11-11', 'Dinner', 'Salmon'),
		('BRUENOR', '2019-11-10', 'Lunch', 'Asparagus'),
		('CATTIE', '2019-11-10', 'Lunch', 'Bell Pepper'),
		('DRIZZT', '2019-11-10', 'Lunch', 'Broccoli'),
		('SELUNE', '2019-11-10', 'Lunch', 'Carrot'),
		('AKADI', '2019-11-10', 'Lunch', 'Clams'),
		('ASMODEUS', '2019-11-10', 'Lunch', 'Celery'),
		('BANE', '2019-11-10', 'Lunch', 'Haddock'),
		('CHAUNTEA', '2019-11-10', 'Lunch', 'Flounder'),
		('CYRIC', '2019-11-10', 'Lunch', 'Green Cabbage'),
		('GRUMBAR', '2019-11-10', 'Lunch', 'Asparagus'),
		('KELEMVOR', '2019-11-10', 'Lunch', 'Bell Pepper'),
		('LATHANDER', '2019-11-10', 'Lunch', 'Broccoli'),
		('LOLTH', '2019-11-10', 'Lunch', 'Carrot'),
		('MYSTRA', '2019-11-10', 'Lunch', 'Clams'),
		('OGHMA', '2019-11-10', 'Lunch', 'Celery'),
		('SHAR', '2019-11-10', 'Lunch', 'Haddock'),
		('SILVANUS', '2019-11-10', 'Lunch', 'Flounder'),
		('SUNE', '2019-11-10', 'Lunch', 'Green Cabbage'),
		('TALOS', '2019-11-10', 'Lunch', 'Asparagus'),
		('TORM', '2019-11-10', 'Lunch', 'Bell Pepper'),
		('BRUENOR', '2019-11-11', 'Lunch', 'Broccoli'),
		('CATTIE', '2019-11-11', 'Lunch', 'Carrot'),
		('DRIZZT', '2019-11-11', 'Lunch', 'Clams'),
		('SELUNE', '2019-11-11', 'Lunch', 'Celery'),
		('AKADI', '2019-11-11', 'Lunch', 'Haddock'),
		('ASMODEUS', '2019-11-11', 'Lunch', 'Flounder'),
		('BANE', '2019-11-11', 'Lunch', 'Green Cabbage'),
		('CHAUNTEA', '2019-11-11', 'Lunch', 'Asparagus'),
		('CYRIC', '2019-11-11', 'Lunch', 'Bell Pepper'),
		('GRUMBAR', '2019-11-11', 'Lunch', 'Broccoli'),
		('KELEMVOR', '2019-11-11', 'Lunch', 'Carrot'),
		('LATHANDER', '2019-11-11', 'Lunch', 'Clams'),
		('LOLTH', '2019-11-11', 'Lunch', 'Celery'),
		('MYSTRA', '2019-11-11', 'Lunch', 'Haddock'),
		('OGHMA', '2019-11-11', 'Lunch', 'Flounder'),
		('SHAR', '2019-11-11', 'Lunch', 'Green Cabbage'),
		('SILVANUS', '2019-11-11', 'Lunch', 'Flounder'),
		('SUNE', '2019-11-11', 'Lunch', 'Green Beans'),
		('TALOS', '2019-11-11', 'Lunch', 'Halibut'),
		('TORM', '2019-11-11', 'Lunch', 'Green Cabbage'),
		('BRUENOR', '2019-11-10', 'Snack', 'Pineapple'),
		('CATTIE', '2019-11-10', 'Snack', 'Plums'),
		('DRIZZT', '2019-11-10', 'Snack', 'Strawberries'),
		('SELUNE', '2019-11-10', 'Snack', 'Sweet Cherries'),
		('AKADI', '2019-11-10', 'Snack', 'Tangerine'),
		('ASMODEUS', '2019-11-10', 'Snack', 'Watermelon'),
		('BANE', '2019-11-10', 'Snack', 'Nectarine'),
		('CHAUNTEA', '2019-11-10', 'Snack', 'Pear'),
		('CYRIC', '2019-11-10', 'Snack', 'Pineapple'),
		('GRUMBAR', '2019-11-10', 'Snack', 'Plums'),
		('KELEMVOR', '2019-11-10', 'Snack', 'Strawberries'),
		('LATHANDER', '2019-11-10', 'Snack', 'Sweet Cherries'),
		('LOLTH', '2019-11-10', 'Snack', 'Tangerine'),
		('MYSTRA', '2019-11-10', 'Snack', 'Watermelon'),
		('OGHMA', '2019-11-10', 'Snack', 'Nectarine'),
		('SHAR', '2019-11-10', 'Snack', 'Pear'),
		('SILVANUS', '2019-11-10', 'Snack', 'Pineapple'),
		('SUNE', '2019-11-10', 'Snack', 'Plums'),
		('TALOS', '2019-11-10', 'Snack', 'Strawberries'),
		('TORM', '2019-11-10', 'Snack', 'Sweet Cherries'),
		('BRUENOR', '2019-11-11', 'Snack', 'Tangerine'),
		('CATTIE', '2019-11-11', 'Snack', 'Watermelon'),
		('DRIZZT', '2019-11-11', 'Snack', 'Nectarine'),
		('SELUNE', '2019-11-11', 'Snack', 'Pear'),
		('AKADI', '2019-11-11', 'Snack', 'Pineapple'),
		('ASMODEUS', '2019-11-11', 'Snack', 'Plums'),
		('BANE', '2019-11-11', 'Snack', 'Strawberries'),
		('CHAUNTEA', '2019-11-11', 'Snack', 'Sweet Cherries'),
		('CYRIC', '2019-11-11', 'Snack', 'Tangerine'),
		('GRUMBAR', '2019-11-11', 'Snack', 'Watermelon'),
		('KELEMVOR', '2019-11-11', 'Snack', 'Nectarine'),
		('LATHANDER', '2019-11-11', 'Snack', 'Pear'),
		('LOLTH', '2019-11-11', 'Snack', 'Pineapple'),
		('MYSTRA', '2019-11-11', 'Snack', 'Plums'),
		('OGHMA', '2019-11-11', 'Snack', 'Strawberries'),
		('SHAR', '2019-11-11', 'Snack', 'Sweet Cherries'),
		('SILVANUS', '2019-11-11', 'Snack', 'Tangerine'),
		('SUNE', '2019-11-11', 'Snack', 'Watermelon'),
		('TALOS', '2019-11-11', 'Snack', 'Nectarine'),
		('TORM', '2019-11-11', 'Snack', 'Pear');
        
INSERT INTO EXERCISE_LOG (UserName, Exercise_Name, Date_Recorded, Duration_Minutes, Weight_KG)
	VALUES
		('BRUENOR', 'Aerobics, Step: high impact',  '2019-11-10', 35, 140.6),
		('BRUENOR', 'Bicycling-Stationary: vigorous',  '2019-11-10', 60, 140.6),
		('BRUENOR', 'Rope Jumping',  '2019-11-11', 20, 140.6),
		('BRUENOR', 'Tennis',  '2019-11-12', 45, 140.6),
		('CATTIE', 'Aerobics, Step: low impact',  '2019-11-10', 35, 83.9),
		('CATTIE', 'Elliptical Trainer',  '2019-11-10', 60, 83.9),
		('CATTIE', 'Soccer',  '2019-11-11', 20, 83.9),
		('CATTIE', 'Walking: 4.5 mph',  '2019-11-12', 45, 83.9),
		('DRIZZT', 'Basketball: playing a game',  '2019-11-10', 35, 65.77),
		('DRIZZT', 'Martial Arts',  '2019-11-10', 60, 65.77),
		('DRIZZT', 'Stair Step Machine',  '2019-11-11', 20, 65.77),
		('DRIZZT', 'Weight Lifting',  '2019-11-12', 45, 65.77),
		('SELUNE', 'Bicycling-Stationary: moderate',  '2019-11-10', 60, 101),
		('SELUNE', 'Rock Climbing',  '2019-11-12', 35, 101),
		('SELUNE', 'Swimming',  '2019-11-11', 35, 101),
		('CATTIE', 'Walking: 4.5 mph',  '2019-11-10', 35, 83.9),
		('CATTIE', 'Basketball: playing a game',  '2019-11-10', 60, 83.9),
		('CATTIE', 'Martial Arts',  '2019-11-11', 20, 83.9),
		('CATTIE', 'Stair Step Machine',  '2019-11-12', 45, 83.9),
		('DRIZZT', 'Weight Lifting',  '2019-11-10', 35, 65.77),
		('DRIZZT', 'Bicycling-Stationary: moderate',  '2019-11-10', 60, 65.77),
		('DRIZZT', 'Rock Climbing',  '2019-11-11', 20, 65.77),
		('DRIZZT', 'Swimming',  '2019-11-12', 45, 65.77);

